t,X1,X2,y
1,1.297719822,0.80592122,0.2989683
2,1.267323479,0.799034105,0.318133656
3,1.236881686,0.792169296,0.337201487
4,1.206317356,0.785296346,0.356121029
5,1.175553398,0.778384812,0.374841517
6,1.144512723,0.771404248,0.393312188
7,1.113118242,0.764324208,0.411482277
8,1.081305344,0.757109133,0.429303819
9,1.049059341,0.749703002,0.446740049
10,1.016378022,0.74204468,0.463757001
11,0.983259177,0.734073032,0.480320708
12,0.949700597,0.725726923,0.496397203
13,0.91570007,0.716945218,0.511952521
14,0.881255389,0.707666782,0.526952694
15,0.846362396,0.697840937,0.541348354
16,0.811009158,0.687458842,0.555028512
17,0.775181794,0.676522113,0.567866778
18,0.738866425,0.665032365,0.579736761
19,0.70204917,0.652991214,0.590512069
20,0.66471615,0.640400276,0.600066312
21,0.626853485,0.627261167,0.608273099
22,0.588467883,0.613568137,0.615026657
23,0.549648406,0.599285962,0.620303687
24,0.510504707,0.584372054,0.624101509
25,0.471146437,0.568783823,0.626417443
26,0.431683246,0.552478681,0.627248808
27,0.392224787,0.535414039,0.626592924
28,0.35288071,0.517547307,0.624447111
29,0.313767223,0.498855645,0.620824938
30,0.275026751,0.47939521,0.615804977
31,0.236808279,0.459241907,0.609482051
32,0.199260787,0.438471641,0.601950982
33,0.162533259,0.417160317,0.593306591
34,0.126774677,0.395383841,0.583643702
35,0.092134023,0.373218118,0.573057136
36,0.058737004,0.350757638,0.56166907
37,0.026616224,0.328171231,0.549711106
38,-0.004218989,0.30564631,0.537442197
39,-0.033759307,0.283370289,0.525121299
40,-0.061995402,0.261530582,0.513007368
41,-0.088917947,0.240314603,0.501359358
42,-0.114517612,0.219909766,0.490436224
43,-0.138796399,0.200490108,0.480471013
44,-0.161801628,0.182176156,0.471593127
45,-0.183591945,0.165075062,0.463906061
46,-0.204225998,0.149293977,0.457513309
47,-0.223762436,0.134940052,0.452518364
48,-0.242259906,0.122120438,0.449024721
49,-0.259777056,0.110942285,0.447135874
50,-0.276359686,0.101503442,0.446934899
51,-0.292002208,0.093864542,0.448423203
52,-0.306686183,0.088076916,0.451581778
53,-0.320393176,0.084191894,0.456391614
54,-0.333104749,0.082260807,0.462833701
55,-0.344802466,0.082334985,0.470889029
56,-0.355467889,0.084465759,0.480538588
57,-0.36508414,0.088658756,0.491753114
58,-0.373640579,0.094736791,0.504462319
59,-0.381128121,0.102476976,0.518585658
60,-0.387537685,0.111656423,0.53404259
61,-0.392860187,0.122052244,0.550752571
62,-0.397086545,0.133441551,0.568635057
63,-0.400207675,0.145601456,0.587609505
64,-0.402207084,0.158303624,0.607589288
65,-0.403038625,0.171297932,0.628463444
66,-0.402648743,0.184328809,0.650114926
67,-0.400983879,0.197140685,0.67242669
68,-0.397990476,0.20947799,0.695281689
69,-0.393614978,0.221085153,0.718562877
70,-0.387803827,0.231706604,0.742153209
71,-0.380524247,0.241113653,0.76593446
72,-0.371826581,0.249185127,0.789783687
73,-0.361781953,0.255826732,0.81357677
74,-0.35046149,0.260944176,0.837189587
75,-0.337936314,0.264443165,0.860498019
76,-0.32427755,0.266229407,0.883377943
77,-0.309556323,0.266208608,0.90570524
78,-0.293825229,0.26432227,0.927359957
79,-0.277062751,0.260655073,0.948238821
80,-0.259228843,0.255327494,0.968242729
81,-0.240283459,0.248460007,0.987272577
82,-0.220186556,0.240173088,1.005229262
83,-0.198898086,0.230587212,1.02201368
84,-0.176378004,0.219822856,1.037526727
85,-0.152608639,0.20802353,1.051694372
86,-0.12766181,0.195424899,1.064542868
87,-0.101631711,0.182285661,1.076123542
88,-0.074612536,0.168864517,1.086487721
89,-0.046698478,0.155420166,1.09568673
90,-0.017983731,0.142211308,1.103771895
91,0.011437513,0.129496643,1.110794543
92,0.04147469,0.117503837,1.11680857
93,0.072051762,0.106336428,1.121878153
94,0.103096323,0.096066918,1.12607004
95,0.134535965,0.08676781,1.129450978
96,0.166298282,0.078511609,1.132087715
97,0.198310867,0.071370817,1.134046997
98,0.230501313,0.065417938,1.135395573
99,0.262782856,0.060706989,1.136174172
100,0.29501131,0.057218041,1.136319455
101,0.327028131,0.05491268,1.135742065
102,0.358674776,0.053752491,1.134352642
103,0.389792701,0.053699059,1.132061831
104,0.420223362,0.05471397,1.128780274
105,0.449808217,0.056758807,1.124418614
106,0.478400923,0.05979892,1.118906025
107,0.505903942,0.063814702,1.112245814
108,0.532231937,0.06879031,1.10445982
109,0.557299572,0.074709902,1.095569882
110,0.58102151,0.081557634,1.085597838
111,0.603312415,0.089317664,1.074565529
112,0.624086949,0.097974148,1.062494792
113,0.643268343,0.107498603,1.049411467
114,0.66081409,0.117811992,1.035357393
115,0.676690252,0.128822635,1.02037841
116,0.690862888,0.140438854,1.004520356
117,0.70329806,0.15256897,0.987829072
118,0.713961828,0.165121306,0.970350396
119,0.722820253,0.178004183,0.952130169
120,0.729864899,0.191126835,0.93319082
121,0.735189347,0.204402142,0.913461144
122,0.738912679,0.217743899,0.892846527
123,0.741153979,0.231065898,0.871252354
124,0.742032331,0.244281933,0.848584012
125,0.741666818,0.257305797,0.824746886
126,0.740176525,0.270051283,0.799646361
127,0.737661408,0.282444454,0.773226834
128,0.734144922,0.294460447,0.745588743
129,0.729631396,0.306086666,0.716871534
130,0.724125158,0.317310519,0.687214656
131,0.717630538,0.328119411,0.656757557
132,0.710151864,0.338500748,0.625639684
133,0.701693464,0.348441936,0.594000485
134,0.692259101,0.357938265,0.561999492
135,0.681850265,0.367016568,0.529876569
136,0.670467882,0.375711564,0.497891666
137,0.658112877,0.384057968,0.466304732
138,0.644786175,0.3920905,0.435375716
139,0.630488699,0.399843877,0.405364566
140,0.615221376,0.407352816,0.376531232
141,0.598996099,0.414645462,0.34910345
142,0.581868639,0.421723665,0.323180108
143,0.563905735,0.428582702,0.298827881
144,0.545174127,0.43521785,0.276113446
145,0.525740556,0.441624387,0.255103476
146,0.505671761,0.447797589,0.235864649
147,0.485034481,0.453732733,0.218463639
148,0.463889935,0.459422879,0.202950479
149,0.442277245,0.464852216,0.18930863
150,0.420230015,0.470002716,0.177504911
151,0.397781844,0.474856353,0.167506139
152,0.374966335,0.479395097,0.159279135
153,0.351817088,0.48360092,0.152790715
154,0.328367707,0.487455796,0.148007699
155,0.304658053,0.490928109,0.144887621
156,0.280753039,0.493931903,0.14335089
157,0.256723839,0.496367632,0.143308629
158,0.232641628,0.498135755,0.144671962
159,0.208577579,0.499136725,0.147352012
160,0.184602866,0.499271001,0.151259905
161,0.160788665,0.498439037,0.156306763
162,0.13721095,0.496562539,0.162405607
163,0.113964903,0.493648209,0.169477032
164,0.091150507,0.489723995,0.17744353
165,0.068867744,0.484817849,0.186227594
166,0.047216597,0.47895772,0.195751715
167,0.026297049,0.472171559,0.205938385
168,0.006209082,0.464487315,0.216710095
169,-0.012947708,0.455939482,0.227994467
170,-0.031075284,0.446588723,0.239739637
171,-0.048075996,0.436502246,0.251898871
172,-0.063852193,0.425747257,0.264425436
173,-0.078306226,0.414390962,0.277272598
174,-0.091340443,0.40250057,0.290393623
175,-0.102857196,0.390143286,0.303741777
176,-0.112766534,0.377384774,0.317257586
177,-0.121009304,0.364284522,0.330830621
178,-0.127534055,0.350900473,0.344337711
179,-0.132289332,0.337290571,0.357655686
180,-0.135223685,0.323512761,0.370661377
181,-0.13628566,0.309624986,0.383231614
182,-0.135423804,0.29568519,0.395243227
183,-0.132609273,0.281729687,0.406586198
184,-0.127903653,0.267708275,0.417203125
185,-0.121391136,0.25354912,0.427049756
186,-0.113155915,0.239180389,0.436081841
187,-0.103282185,0.22453025,0.444255129
188,-0.091854139,0.209526869,0.45152537
189,-0.078955969,0.194098413,0.457848312
190,-0.064670704,0.178189446,0.463189643
191,-0.049076717,0.161810115,0.467554807
192,-0.032251216,0.144986961,0.470959187
193,-0.014271407,0.127746529,0.473418163
194,0.004785501,0.110115361,0.474947118
195,0.0248423,0.09212,0.475561435
196,0.045821784,0.073786988,0.475276494
197,0.067635834,0.055144227,0.474110824
198,0.09015269,0.036225042,0.472095532
199,0.113229681,0.017064117,0.469264871
200,0.136724137,-0.002303862,0.465653094
201,0.160493386,-0.021844213,0.461294453
202,0.184394759,-0.041522251,0.456223203
203,0.208285584,-0.061303291,0.450473595
204,0.23203034,-0.081147921,0.444067929
205,0.2555221,-0.100997805,0.43698069
206,0.278661083,-0.120789877,0.429174408
207,0.301347512,-0.140461073,0.420611616
208,0.323481607,-0.159948328,0.411254844
209,0.34496359,-0.179188577,0.401066623
210,0.365693681,-0.198118754,0.390009484
211,0.385582062,-0.216673898,0.378064388
212,0.40457875,-0.234781466,0.36528601
213,0.422643722,-0.252367015,0.351747454
214,0.439736957,-0.269356106,0.337521825
215,0.45581843,-0.285674297,0.322682227
216,0.47084812,-0.301247149,0.307301765
217,0.484786005,-0.31600022,0.291453542
218,0.497594363,-0.329869307,0.275210836
219,0.509244686,-0.342831159,0.258647614
220,0.519710766,-0.354872761,0.241838018
221,0.528966396,-0.3659811,0.224856186
222,0.536985369,-0.376143161,0.207776259
223,0.543741479,-0.38534593,0.190672377
224,0.549208517,-0.393576393,0.173618681
225,0.553384215,-0.400814335,0.156696414
226,0.556362052,-0.407010735,0.140015224
227,0.558259445,-0.412109368,0.123691866
228,0.55919381,-0.416054012,0.107843091
229,0.559282566,-0.418788444,0.092585652
230,0.558643128,-0.420256442,0.078036303
231,0.557392913,-0.420401781,0.064311794
232,0.5556353,-0.419178938,0.051523764
233,0.553417506,-0.416585181,0.039763377
234,0.550772711,-0.412628476,0.029116686
235,0.547734095,-0.407316789,0.019669742
236,0.544334835,-0.400658089,0.011508594
237,0.540608112,-0.39266034,0.004719293
238,0.536587105,-0.383331509,-0.00061211
239,0.532294421,-0.372677107,-0.004398573
240,0.527710386,-0.360692812,-0.006549088
241,0.522804752,-0.347371848,-0.006971657
242,0.517547274,-0.332707436,-0.00557428
243,0.511907705,-0.316692799,-0.002264959
244,0.505855799,-0.299321161,0.003048306
245,0.499361309,-0.280585743,0.010457514
246,0.492419154,-0.260481126,0.020031587
247,0.485124908,-0.23900732,0.031747145
248,0.47759931,-0.216165693,0.045557733
249,0.469963101,-0.191957614,0.061416895
250,0.462337018,-0.166384451,0.079278173
251,0.454841803,-0.139447573,0.099095113
252,0.447598194,-0.111148347,0.120821258
253,0.4407162,-0.081504784,0.144397008
254,0.434262915,-0.050601463,0.16971019
255,0.428294702,-0.018539606,0.196635484
256,0.422867923,0.014579567,0.225047573
257,0.418038941,0.048654833,0.254821138
258,0.41386412,0.083584971,0.285830863
259,0.410399822,0.119268761,0.317951428
260,0.407704731,0.155594685,0.351046271
261,0.405846815,0.192410052,0.384933849
262,0.404896361,0.229551875,0.419421374
263,0.404923657,0.266857166,0.45431606
264,0.40599899,0.304162938,0.489425118
265,0.408192649,0.341306206,0.524555762
266,0.411574922,0.378123981,0.559515203
267,0.416191354,0.414458116,0.594134407
268,0.421988519,0.450169825,0.628339344
269,0.428888251,0.485125159,0.662079741
270,0.436812381,0.51919017,0.695305319
271,0.445682741,0.55223091,0.727965804
272,0.455421165,0.584113432,0.760010919
273,0.465949484,0.614703788,0.79139039
274,0.477169442,0.643869331,0.822048875
275,0.488902423,0.671482615,0.851910781
276,0.500949725,0.697417495,0.880895451
277,0.513112641,0.721547829,0.908922228
278,0.525192469,0.743747469,0.935910454
279,0.536990504,0.763890273,0.961779471
280,0.548308042,0.781850096,0.986448623
281,0.558981986,0.797527719,1.009825423
282,0.568991667,0.810931626,1.031770076
283,0.578352023,0.822097229,1.052130956
284,0.587077992,0.831059939,1.07075644
285,0.595184511,0.837855167,1.087494902
286,0.602686519,0.842518323,1.102194717
287,0.609598953,0.845084819,1.114704263
288,0.615969321,0.845595519,1.124903489
289,0.621975407,0.84411311,1.132798653
290,0.627827564,0.840705731,1.138427588
291,0.633736146,0.835441521,1.141828128
292,0.639911505,0.828388621,1.143038106
293,0.646563996,0.81961517,1.142095355
294,0.653903971,0.809189309,1.139037708
295,0.662126989,0.797191904,1.133913916
296,0.671369429,0.78375474,1.126816398
297,0.681752874,0.769022325,1.11784849
298,0.69339891,0.753139172,1.10711353
299,0.70642912,0.736249789,1.094714852
300,0.720965088,0.718498689,1.080755795
301,0.737128398,0.700030381,1.065339693
302,0.755011603,0.680968329,1.048560774
303,0.774591125,0.661351804,1.030476817
304,0.795814355,0.641199031,1.011136495
305,0.818628685,0.620528233,0.990588477
306,0.842981505,0.599357637,0.968881435
307,0.868820207,0.577705464,0.946064038
308,0.896092181,0.555589941,0.922184958
309,0.924744381,0.533021763,0.89729326
310,0.954722003,0.509981513,0.871439585
311,0.985969806,0.486442246,0.84467497
312,1.018432551,0.462377018,0.817050452
313,1.052054995,0.437758882,0.788617068
314,1.086781897,0.412560894,0.759425852
315,1.122558017,0.386756108,0.729527844
316,1.159296408,0.360312573,0.698966785
317,1.1967833,0.333178306,0.667757251
318,1.234773216,0.305296317,0.635906523
319,1.273020682,0.276609617,0.603421883
320,1.311280222,0.247061215,0.570310613
321,1.349306359,0.216594123,0.536579995
322,1.386853619,0.18515135,0.50223731
323,1.423692989,0.15269927,0.467294965
324,1.459661314,0.119297707,0.431785872
325,1.494611906,0.08502985,0.395748066
326,1.528398072,0.049978886,0.359219583
327,1.560873122,0.014228003,0.322238459
328,1.591890367,-0.022139612,0.28484273
329,1.621303115,-0.059040769,0.247070432
330,1.648989081,-0.096380709,0.20898535
331,1.674923594,-0.134018374,0.170754256
332,1.699106391,-0.171801133,0.132569674
333,1.721537206,-0.209576357,0.094624125
334,1.742215775,-0.247191415,0.057110132
335,1.761141831,-0.284493676,0.020220215
336,1.778315111,-0.321330511,-0.015853102
337,1.79373423,-0.357557699,-0.050925115
338,1.80739333,-0.393064663,-0.084842389
339,1.819285436,-0.427749237,-0.117459308
340,1.829403569,-0.461509252,-0.148630254
341,1.837740753,-0.494242543,-0.17820961
342,1.844290011,-0.525846942,-0.206051758
343,1.849044367,-0.556220282,-0.232011082
344,1.851987271,-0.585272228,-0.255978491
345,1.853063884,-0.612959765,-0.277991007
346,1.852209793,-0.639251708,-0.298122175
347,1.849360586,-0.664116874,-0.316445544
348,1.844451852,-0.687524078,-0.333034661
349,1.837419177,-0.709442137,-0.347963073
350,1.828198151,-0.729839866,-0.361304328
351,1.816740238,-0.748677876,-0.373135667
352,1.803060415,-0.765883951,-0.383549111
353,1.787189537,-0.781377673,-0.392640374
354,1.769158458,-0.79507862,-0.400505171
355,1.748998032,-0.806906371,-0.407239216
356,1.726739115,-0.816780508,-0.412938223
357,1.70241256,-0.824620608,-0.417697907
358,1.676079559,-0.830362379,-0.421601648
359,1.647922657,-0.834006037,-0.424683485
360,1.618154734,-0.835567922,-0.426965124
361,1.586988672,-0.835064377,-0.428468269
362,1.554637352,-0.832511745,-0.429214626
363,1.521313656,-0.827926368,-0.429225899
364,1.487230464,-0.821324586,-0.428523794
365,1.452572594,-0.812732458,-0.42712957
366,1.4174126,-0.802214898,-0.425062701
367,1.381794972,-0.789846533,-0.422342215
368,1.345764202,-0.775701992,-0.418987142
369,1.309364778,-0.759855905,-0.41501651
370,1.272641192,-0.742382899,-0.410449347
371,1.235637933,-0.723357603,-0.405304683
372,1.19839334,-0.702847538,-0.39959005
373,1.160921142,-0.680891789,-0.393267008
374,1.123228919,-0.657522337,-0.386285619
375,1.085324248,-0.63277116,-0.378595945
376,1.047214707,-0.606670236,-0.370148052
377,1.008907874,-0.579251543,-0.360892001
378,0.970411328,-0.550547061,-0.350777856
379,0.93174006,-0.520580148,-0.339743062
380,0.892938711,-0.489339676,-0.327674588
381,0.854059336,-0.456805901,-0.314446786
382,0.81515399,-0.422959075,-0.299934008
383,0.776274727,-0.387779452,-0.284010604
384,0.737473604,-0.351247285,-0.266550927
385,0.698802673,-0.313342827,-0.247429327
386,0.660300726,-0.274093184,-0.226548719
387,0.621953495,-0.233712869,-0.203926268
388,0.58373345,-0.19246325,-0.179607702
389,0.545613059,-0.150605693,-0.153638749
390,0.507564791,-0.108401562,-0.126065138
391,0.469561115,-0.066112225,-0.096932595
392,0.431574499,-0.023999048,-0.066286849
393,0.393606196,0.017692713,-0.034178068
394,0.355772589,0.058782238,-0.000674179
395,0.318218846,0.099104819,0.034152452
396,0.281090134,0.138495744,0.070229459
397,0.24453162,0.176790305,0.107484475
398,0.208688472,0.213823792,0.145845134
399,0.173705857,0.249431496,0.185239069
400,0.139722754,0.283482391,0.225578153
401,0.106853396,0.315980193,0.266711216
402,0.075205828,0.346962303,0.308471329
403,0.044888094,0.376466121,0.35069156
404,0.016008238,0.404529049,0.393204979
405,-0.011325695,0.431188486,0.435844656
406,-0.037005659,0.456481834,0.478443659
407,-0.060950946,0.480433011,0.520828925
408,-0.083190184,0.503012013,0.562802853
409,-0.103779337,0.524175353,0.604161706
410,-0.12277437,0.543879544,0.644701749
411,-0.140231246,0.562081101,0.684219247
412,-0.156205929,0.578736536,0.722510464
413,-0.170754383,0.593802363,0.759371666
414,-0.18394989,0.607243326,0.794627669
415,-0.195934999,0.619057095,0.828217507
416,-0.206869579,0.62924957,0.860108767
417,-0.216913498,0.637826649,0.890269036
418,-0.226226624,0.644794235,0.9186659
419,-0.234968824,0.650158225,0.945266947
420,-0.243299967,0.653924521,0.970039762
421,-0.251361734,0.656116822,0.99294337
422,-0.25922306,0.656830031,1.01390255
423,-0.266934695,0.65617685,1.032833514
424,-0.274547389,0.654269981,1.049652478
425,-0.282111891,0.651222128,1.064275656
426,-0.289678949,0.647145993,1.076619264
427,-0.297299314,0.642154278,1.086599515
428,-0.305002514,0.636344672,1.094140391
429,-0.312733191,0.629754805,1.099196933
430,-0.320414767,0.622407297,1.10173195
431,-0.327970664,0.614324763,1.101708249
432,-0.335324305,0.605529821,1.099088638
433,-0.342399109,0.596045089,1.093835925
434,-0.3491185,0.585893183,1.085912917
435,-0.355407151,0.575104071,1.075316475
436,-0.36119474,0.563737112,1.062179665
437,-0.366412197,0.551859016,1.046669602
438,-0.370990452,0.539536493,1.028953406
439,-0.374860436,0.526836253,1.009198194
440,-0.377953078,0.513825003,0.987571082
441,-0.380199308,0.500569456,0.964239189
442,-0.381551094,0.487132745,0.939371215
443,-0.382044556,0.473563714,0.913142194
444,-0.381736852,0.459907632,0.885728743
445,-0.380685137,0.446209767,0.857307479
446,-0.378946571,0.43251539,0.82805502
447,-0.376578309,0.418869767,0.798147983
448,-0.37363751,0.40531817,0.767762985
449,-0.370192431,0.391909443,0.737063224
450,-0.36635573,0.37870674,0.706158224
451,-0.362251165,0.365776793,0.675144088
452,-0.358002495,0.353186332,0.64411692
453,-0.353733477,0.341002088,0.613172826
454,-0.34956787,0.329290792,0.582407908
455,-0.345629431,0.318119174,0.551918272
456,-0.342028104,0.307552436,0.521795282
457,-0.338818567,0.297649659,0.492111345
458,-0.336041684,0.288468393,0.462934131
459,-0.333738316,0.28006619,0.434331306
460,-0.331949329,0.272500602,0.40637054
461,-0.330715583,0.265829178,0.3791195
462,-0.330077943,0.26010947,0.352645854
463,-0.330061425,0.255389011,0.327030941
464,-0.330627656,0.251675256,0.302410769
465,-0.33172242,0.248965642,0.27893502
466,-0.333291496,0.247257607,0.256753373
467,-0.335280667,0.246548586,0.236015507
468,-0.337635714,0.246836018,0.216871103
469,-0.340302418,0.248117339,0.19946984
470,-0.343198965,0.2503837,0.183952814
471,-0.346133151,0.253601111,0.17042679
472,-0.348885175,0.257729295,0.158989948
473,-0.351235238,0.262727976,0.149740469
474,-0.352963541,0.268556878,0.142776534
475,-0.353850281,0.275175725,0.138196323
476,-0.353675661,0.282544239,0.136098018
477,-0.352232598,0.290617099,0.136568313
478,-0.349364884,0.2993288,0.139647962
479,-0.344929033,0.308608793,0.145366232
480,-0.338781554,0.318386526,0.15375239
481,-0.33077896,0.328591449,0.164835704
482,-0.320777763,0.339153013,0.17864544
483,-0.308634472,0.350000667,0.195210867
484,-0.294235476,0.361059389,0.214542189
485,-0.277586655,0.372236278,0.236573366
486,-0.258723766,0.383433957,0.261219296
487,-0.237682568,0.394555055,0.288394875
488,-0.214498816,0.405502196,0.318015002
489,-0.189208266,0.416178007,0.349994573
490,-0.161846677,0.426485114,0.384248486
491,-0.132454454,0.436338787,0.420692527
492,-0.101090599,0.445704871,0.459246038
493,-0.067818763,0.454561855,0.499829251
494,-0.032702597,0.462888229,0.542362397
495,0.004194247,0.470662481,0.586765706
496,0.042808119,0.477863102,0.632959411
497,0.083075367,0.484468581,0.680863742
498,0.124922469,0.490455325,0.730396729
499,0.168236421,0.495791413,0.781467595
500,0.212894347,0.500442843,0.833983364
501,0.258773371,0.504375614,0.887851056
502,0.305750617,0.507555724,0.942977695
503,0.353703211,0.509949169,0.999270303
504,0.40250206,0.511531549,1.056599308
505,0.451993214,0.512316864,1.114688762
506,0.502016504,0.512328716,1.173226125
507,0.552411763,0.511590707,1.231898855
508,0.603018824,0.510126438,1.290394411
509,0.653677519,0.507959511,1.348400252
510,0.704227681,0.505113528,1.405603835
511,0.7545076,0.501610516,1.461698356
512,0.804349402,0.497466206,1.516399946
513,0.85358367,0.492694755,1.569430474
514,0.902040988,0.48731032,1.620511808
515,0.949551937,0.481327059,1.669365815
516,0.995947102,0.474759128,1.715714363
517,1.041057066,0.467620684,1.75927932
518,1.084739192,0.459917288,1.799824687
519,1.126957963,0.451620115,1.83728299
520,1.167704641,0.442691742,1.871628889
521,1.206970488,0.433094746,1.902837044
522,1.244746768,0.422791708,1.930882114
523,1.281024742,0.411745203,1.955738758
524,1.315795673,0.39991781,1.977381636
525,1.349061403,0.387284471,1.995789538
526,1.380866095,0.373869586,2.010957775
527,1.41126449,0.359709917,2.022885785
528,1.440311331,0.344842229,2.031573011
529,1.468061361,0.329303284,2.037018892
530,1.494569321,0.313129846,2.039222868
531,1.519889953,0.296358678,2.038184381
532,1.544069084,0.279037408,2.033918643
533,1.567116878,0.26125712,2.026503961
534,1.589034585,0.243119762,2.016034415
535,1.609823451,0.224727284,2.002604084
536,1.629484727,0.206181633,1.986307047
537,1.648019661,0.187584758,1.967237385
538,1.665429501,0.169038607,1.945489175
539,1.681719663,0.150647996,1.921162475
540,1.696912224,0.132529209,1.894381243
541,1.711033429,0.114801398,1.865275415
542,1.724109523,0.097583714,1.833974928
543,1.73616675,0.080995309,1.800609718
544,1.747231355,0.065155333,1.765309719
545,1.757329582,0.050182938,1.728204868
546,1.766467162,0.03617286,1.689423921
547,1.774567773,0.023122166,1.64909092
548,1.781534576,0.011003507,1.607328726
549,1.787270737,-0.000210464,1.5642602
550,1.791679417,-0.010547097,1.520008204
551,1.794663781,-0.02003374,1.4746956
552,1.796126991,-0.028697742,1.42844525
553,1.79597682,-0.036580714,1.381373526
554,1.79413948,-0.043781324,1.333570853
555,1.790545789,-0.050412505,1.285121163
556,1.785126569,-0.056587188,1.236108392
557,1.777812639,-0.062418303,1.186616473
558,1.768534819,-0.068018784,1.136729342
559,1.757223929,-0.073501561,1.086530933
560,1.743817817,-0.07896308,1.036099864
561,1.728282437,-0.084433849,0.98549349
562,1.710590768,-0.089927888,0.93476385
563,1.690715792,-0.095459219,0.883962982
564,1.66863049,-0.101041862,0.833142925
565,1.644307842,-0.106689838,0.782355718
566,1.61772083,-0.11241717,0.7316534
567,1.588855728,-0.118227412,0.681084132
568,1.557751995,-0.124082252,0.630680576
569,1.524462382,-0.129932913,0.580471514
570,1.489039641,-0.135730619,0.53048573
571,1.451536524,-0.141426591,0.480752008
572,1.412005784,-0.146972052,0.431299132
573,1.370500172,-0.152318226,0.382155886
574,1.327090806,-0.157432022,0.333352347
575,1.281922262,-0.162343109,0.284923773
576,1.235157483,-0.167096841,0.236906712
577,1.186959409,-0.171738574,0.189337715
578,1.137490983,-0.176313664,0.142253333
579,1.086915146,-0.180867466,0.095690117
580,1.035394841,-0.185445336,0.049684616
581,0.983095401,-0.190077704,0.004273115
582,0.930191731,-0.194735302,-0.040509167
583,0.876861128,-0.199373936,-0.084627277
584,0.823280889,-0.203949411,-0.12804626
585,0.769628311,-0.208417535,-0.170731163
586,0.716080691,-0.212734113,-0.212647034
587,0.662815326,-0.216854951,-0.253758919
588,0.610002656,-0.220736435,-0.294016574
589,0.557785697,-0.224337265,-0.333308592
590,0.506300606,-0.227616718,-0.371508277
591,0.455683543,-0.230534074,-0.408488931
592,0.406070665,-0.23304861,-0.444123859
593,0.357598132,-0.235119606,-0.478286363
594,0.310402102,-0.23670634,-0.510849746
595,0.264602542,-0.237787342,-0.541690844
596,0.220254662,-0.238418145,-0.570700627
597,0.177397477,-0.238673534,-0.597773595
598,0.136070007,-0.238628294,-0.622804251
599,0.096311268,-0.23835721,-0.645687096
600,0.058160278,-0.237935066,-0.666316632
601,0.021656054,-0.237436648,-0.68458736
602,-0.013188809,-0.236924265,-0.700399372
603,-0.046467413,-0.23641032,-0.713675115
604,-0.078299283,-0.235894744,-0.724342627
605,-0.108803942,-0.235377463,-0.732329945
606,-0.138100917,-0.234858409,-0.737565107
607,-0.166309731,-0.234337508,-0.739976149
608,-0.19354991,-0.23381469,-0.739491109
609,-0.219924449,-0.233285758,-0.736067273
610,-0.245470231,-0.232730013,-0.729778926
611,-0.270207608,-0.232122631,-0.720729599
612,-0.294156935,-0.231438786,-0.709022827
613,-0.317338563,-0.230653655,-0.694762142
614,-0.339772847,-0.229742414,-0.678051077
615,-0.36148014,-0.228680236,-0.658993165
616,-0.38248549,-0.227426609,-0.637692298
617,-0.402832728,-0.225878262,-0.6142538
618,-0.42257038,-0.223916234,-0.588783355
619,-0.441746973,-0.221421563,-0.561386646
620,-0.460411031,-0.218275291,-0.532169356
621,-0.478611082,-0.214358455,-0.501237169
622,-0.496395651,-0.209552096,-0.468695768
623,-0.513797497,-0.203758374,-0.434646515
624,-0.530786311,-0.196963935,-0.399173487
625,-0.547316018,-0.189176544,-0.362356441
626,-0.563340541,-0.180403967,-0.324275131
627,-0.578813804,-0.170653972,-0.285009314
628,-0.593689732,-0.159934325,-0.244638746
629,-0.607922248,-0.148252791,-0.203243183
630,-0.621471331,-0.13563834,-0.160913802
631,-0.634321187,-0.122204744,-0.117787468
632,-0.646462074,-0.108086981,-0.074012468
633,-0.657884252,-0.093420026,-0.029737089
634,-0.668577981,-0.078338855,0.014890383
635,-0.67853352,-0.062978445,0.059721661
636,-0.687741129,-0.047473772,0.104608458
637,-0.696177847,-0.031938873,0.149402614
638,-0.703767828,-0.016404034,0.193956475
639,-0.710422006,-0.000878601,0.238122514
640,-0.716051312,0.014628078,0.281753202
641,-0.720566682,0.030106658,0.324701013
642,-0.723879048,0.045547791,0.366818418
643,-0.725899344,0.060942129,0.407957891
644,-0.726568698,0.076285362,0.447986167
645,-0.72594902,0.091593318,0.486827042
646,-0.724132418,0.10688686,0.524418573
647,-0.721210997,0.122186851,0.56069882
648,-0.717276864,0.137514154,0.595605841
649,-0.712422124,0.152889633,0.629077694
650,-0.706738883,0.168334151,0.661052438
651,-0.700304748,0.183849444,0.691480514
652,-0.69313932,0.199360746,0.720361883
653,-0.6852477,0.214774163,0.747708891
654,-0.676634991,0.2299958,0.773533882
655,-0.667306293,0.244931764,0.7978492
656,-0.657266708,0.259488161,0.820667191
657,-0.646521337,0.273571097,0.842000198
658,-0.635076723,0.287101506,0.861858664
659,-0.622945172,0.300059635,0.88024543
660,-0.610140433,0.312440559,0.897161432
661,-0.596676252,0.324239352,0.91260761
662,-0.582566377,0.335451089,0.9265849
663,-0.567824557,0.346070845,0.939094242
664,-0.552464538,0.356093694,0.950136574
665,-0.536491233,0.365509098,0.959716075
666,-0.519874215,0.374284069,0.967849892
667,-0.502574219,0.382380007,0.974558415
668,-0.484551983,0.38975831,0.979862032
669,-0.465768244,0.396380379,0.983781133
670,-0.446183738,0.402207612,0.986336107
671,-0.425759202,0.407201408,0.987547342
672,-0.404449924,0.411330105,0.987437177
673,-0.382189397,0.414589791,0.986035741
674,-0.358905662,0.416983492,0.983375115
675,-0.334526763,0.418514232,0.979487378
676,-0.308980742,0.419185039,0.974404609
677,-0.282195643,0.418998937,0.968158887
678,-0.254099509,0.417958954,0.960782293
679,-0.224636167,0.416069664,0.952321482
680,-0.193812588,0.413341846,0.942881421
681,-0.161651527,0.409787831,0.93258165
682,-0.128175739,0.405419946,0.921541714
683,-0.09340798,0.40025052,0.909881153
684,-0.057371004,0.394291884,0.897719511
685,-0.020087567,0.387556365,0.88517633
686,0.018407812,0.380050528,0.872355925
687,0.058033565,0.371757869,0.859301698
688,0.098696358,0.362656119,0.846041825
689,0.140302858,0.35272301,0.832604481
690,0.182759734,0.341936274,0.81901784
691,0.225973653,0.330273642,0.805310079
692,0.269851281,0.317712844,0.791509371
693,0.314286951,0.304226392,0.777650543
694,0.359125655,0.289765913,0.763795019
695,0.404200048,0.274277812,0.750010875
696,0.449342788,0.257708497,0.736366186
697,0.49438653,0.240004373,0.722929028
698,0.539163931,0.221111847,0.709767476
699,0.583507647,0.200977326,0.696949605
700,0.627261108,0.179566511,0.684516604
701,0.670310847,0.156922293,0.672402114
702,0.71255417,0.133106855,0.660512887
703,0.753888381,0.108182384,0.648755677
704,0.794210787,0.082211064,0.637037239
705,0.833418694,0.055255082,0.625264326
706,0.871409408,0.027376622,0.613343691
707,0.908088279,-0.001346725,0.601188656
708,0.943392831,-0.030775746,0.588738819
709,0.977268633,-0.060755822,0.575940347
710,1.009661255,-0.091132334,0.562739403
711,1.040516264,-0.121750664,0.549082156
712,1.06977923,-0.152456193,0.53491477
713,1.097395721,-0.183094301,0.520183412
714,1.123305508,-0.21353835,0.504839523
715,1.147425176,-0.243773613,0.488855651
716,1.169665509,-0.273813343,0.472209619
717,1.189937293,-0.303670792,0.45487925
718,1.208151315,-0.333359214,0.436842367
719,1.22421836,-0.362891862,0.418076793
720,1.238049214,-0.392281987,0.398560352
721,1.249579202,-0.421548008,0.378282617
722,1.258841801,-0.450729,0.357280165
723,1.265895029,-0.479869205,0.335601324
724,1.270796902,-0.509012862,0.313294419
725,1.273605438,-0.538204214,0.290407778
726,1.274378652,-0.567487499,0.266989729
727,1.273174562,-0.59690696,0.243088598
728,1.270041789,-0.626456463,0.218767971
729,1.26499137,-0.655928382,0.194152465
730,1.258024947,-0.685064717,0.169381958
731,1.249144161,-0.713607468,0.144596325
732,1.238350654,-0.741298635,0.119935443
733,1.225646068,-0.767880218,0.095539187
734,1.211032043,-0.793094218,0.071547435
735,1.194520855,-0.816712905,0.048098699
736,1.176167308,-0.83862964,0.025326037
737,1.156036838,-0.858768052,0.003361146
738,1.134194881,-0.877051772,-0.01766428
739,1.110706876,-0.89340443,-0.037618546
740,1.085638258,-0.907749657,-0.056369956
741,1.059054464,-0.920011082,-0.073786815
742,1.031025874,-0.93012128,-0.089762229
743,1.00164263,-0.938048594,-0.104288505
744,0.97099982,-0.94377031,-0.117382755
745,0.93919253,-0.947263714,-0.129062088
746,0.906315846,-0.948506092,-0.139343612
747,0.872464855,-0.94747473,-0.148244439
748,0.837734642,-0.944146915,-0.155781676
749,0.802237296,-0.938528587,-0.161979216
750,0.766152913,-0.930740298,-0.16688807
751,0.729678589,-0.920931257,-0.170566032
752,0.693011421,-0.909250669,-0.173070895
753,0.656348508,-0.895847743,-0.174460454
754,0.619886947,-0.880871685,-0.174792502
755,0.583823834,-0.864471702,-0.174124832
756,0.548328191,-0.846811304,-0.172500183
757,0.513456736,-0.828111209,-0.169901077
758,0.479238111,-0.808606439,-0.166294982
759,0.44570096,-0.788532015,-0.161649366
760,0.412873923,-0.768122958,-0.155931696
761,0.380785644,-0.747614289,-0.149109439
762,0.349464764,-0.727241029,-0.141150063
763,0.318943019,-0.707196503,-0.132046843
764,0.289264518,-0.687507245,-0.121896284
765,0.260476465,-0.668158096,-0.110820697
766,0.232626061,-0.649133894,-0.098942396
767,0.205760509,-0.630419477,-0.086383692
768,0.179927013,-0.611999685,-0.073266897
769,0.155172773,-0.593859356,-0.059714324
770,0.131544499,-0.575977443,-0.045844944
771,0.109086912,-0.558309351,-0.031764372
772,0.087844241,-0.540804599,-0.01757488
773,0.067860715,-0.523412706,-0.003378743
774,0.049180562,-0.506083192,0.010721767
775,0.031848008,-0.488765575,0.024624375
776,0.015907284,-0.471409373,0.038226808
777,0.001381508,-0.453947673,0.051439617
778,-0.011790625,-0.43624782,0.064224645
779,-0.023691531,-0.418160726,0.076556559
780,-0.034403625,-0.399537304,0.088410027
781,-0.044009321,-0.380228466,0.099759715
782,-0.052591034,-0.360085124,0.110580293
783,-0.060231179,-0.33895819,0.120846426
784,-0.06701569,-0.31671785,0.130545076
785,-0.073044582,-0.293311384,0.139712378
786,-0.078421389,-0.268705342,0.148396763
787,-0.083249646,-0.242866278,0.156646659
788,-0.087632887,-0.215760744,0.164510496
789,-0.091674647,-0.187355292,0.172036703
790,-0.095478459,-0.157616475,0.17927371
791,-0.099128543,-0.126535711,0.1862566
792,-0.102631848,-0.09420388,0.192967068
793,-0.105976008,-0.060736727,0.199373463
794,-0.109148659,-0.026249999,0.205444135
795,-0.112137433,0.009140559,0.211147433
796,-0.114929964,0.045319202,0.216451705
797,-0.117513888,0.082170184,0.221325302
798,-0.119878667,0.119577131,0.225745684
799,-0.122021088,0.157421158,0.229726767
800,-0.123939766,0.195582753,0.233291579
801,-0.125633318,0.233942403,0.236463146
802,-0.127100358,0.272380596,0.239264497
803,-0.128339503,0.310777818,0.24171866
804,-0.129349368,0.349014558,0.243848661
805,-0.130114538,0.386975669,0.245689691
806,-0.130563469,0.424563477,0.247325584
807,-0.130610586,0.461684674,0.248852335
808,-0.130170314,0.498245953,0.250365942
809,-0.129157079,0.534154005,0.251962399
810,-0.127485304,0.569315523,0.253737703
811,-0.125069416,0.603637199,0.25578785
812,-0.121828112,0.63704898,0.258193313
813,-0.11769718,0.66957383,0.260972481
814,-0.11261668,0.701257967,0.264128217
815,-0.106526673,0.732147609,0.267663387
816,-0.099367219,0.762288974,0.271580855
817,-0.091078379,0.791728281,0.275883486
818,-0.081600214,0.820511747,0.280574145
819,-0.070907485,0.848686367,0.285632013
820,-0.059113761,0.876302234,0.290941534
821,-0.04636731,0.903410219,0.296363468
822,-0.032816401,0.930061189,0.301758575
823,-0.018609304,0.956306015,0.306987615
824,-0.003894289,0.982195567,0.311911348
825,0.011180377,1.007780713,0.316390533
826,0.026464356,1.033115431,0.320301422
827,0.041799048,1.058266135,0.323582226
828,0.057023784,1.083302344,0.326186648
829,0.071977895,1.108293579,0.328068389
830,0.086500714,1.133309361,0.329181153
831,0.100431572,1.158419211,0.329478641
832,0.113609802,1.183692649,0.328914557
833,0.125896487,1.20919081,0.327444697
834,0.137239731,1.234941282,0.325033238
835,0.147609388,1.260963267,0.321646454
836,0.156975314,1.287275967,0.317250616
837,0.165307363,1.313898584,0.311811998
838,0.17257539,1.340850319,0.305296871
839,0.178749253,1.368150375,0.297671508
840,0.183828746,1.395784074,0.288895549
841,0.187933433,1.423601225,0.278902099
842,0.191212818,1.451417755,0.267617633
843,0.193816408,1.479049594,0.254968623
844,0.195893705,1.50631267,0.240881543
845,0.197594215,1.533022912,0.225282866
846,0.199067443,1.558996249,0.208099066
847,0.200449397,1.584056708,0.189270019
848,0.201822105,1.608060706,0.168789216
849,0.203254098,1.63087276,0.146663553
850,0.204813907,1.652357388,0.122899924
851,0.206570063,1.672379105,0.097505223
852,0.208591098,1.690802427,0.070486346
853,0.210945544,1.707491872,0.041850187
854,0.213683486,1.722316053,0.011644765
855,0.216781232,1.735159968,-0.019917398
856,0.220196645,1.745912714,-0.052582658
857,0.223887586,1.754463388,-0.086097371
858,0.227811919,1.760701084,-0.12020789
859,0.231927506,1.764514899,-0.154660571
860,0.236192209,1.76579393,-0.189201768
861,0.240580045,1.764455444,-0.223599448
862,0.245129649,1.760529396,-0.257708021
863,0.249895811,1.754073913,-0.29140351
864,0.25493332,1.745147122,-0.324561937
865,0.260296966,1.73380715,-0.357059324
866,0.266041538,1.720112125,-0.388771693
867,0.272221825,1.704120172,-0.419575067
868,0.278887392,1.68589308,-0.4493551
869,0.28606691,1.665507275,-0.47803598
870,0.29378382,1.643042845,-0.505551526
871,0.302061569,1.618579876,-0.53183556
872,0.3109236,1.592198456,-0.556821902
873,0.320393357,1.563978672,-0.580444371
874,0.330494286,1.534000612,-0.602636788
875,0.341235328,1.502327882,-0.623342316
876,0.352567424,1.468958176,-0.642541488
877,0.364427011,1.433872706,-0.660224183
878,0.376750527,1.397052684,-0.676380276
879,0.389474409,1.358479324,-0.690999644
880,0.402535096,1.318133838,-0.704072164
881,0.415869026,1.27599744,-0.715587712
882,0.429417541,1.232067142,-0.725539603
883,0.443141599,1.186403167,-0.733934895
884,0.457007064,1.139081535,-0.740784084
885,0.4709798,1.090178271,-0.746097666
886,0.485025669,1.039769394,-0.749886138
887,0.499110535,0.987930929,-0.752159994
888,0.51320026,0.934738897,-0.752929732
889,0.527258844,0.880282008,-0.752208496
890,0.541242825,0.824699725,-0.750020034
891,0.555106877,0.768144198,-0.746390742
892,0.568805674,0.710767578,-0.741347017
893,0.582293889,0.652722016,-0.734915257
894,0.595526197,0.594159661,-0.727121857
895,0.608457271,0.535232665,-0.717993215
896,0.621029196,0.476093455,-0.707567231
897,0.6331337,0.416895565,-0.695927816
898,0.644649923,0.357792806,-0.683170387
899,0.655457002,0.298938991,-0.669390357
900,0.665434077,0.240487929,-0.654683142
901,0.674460288,0.182593433,-0.639144157
902,0.682414772,0.125409313,-0.622868818
903,0.68918025,0.069086019,-0.605949712
904,0.694653766,0.013760548,-0.588468118
905,0.698735947,-0.040433465,-0.570502485
906,0.701327417,-0.093362384,-0.552131264
907,0.702328803,-0.144892573,-0.533432907
908,0.701640729,-0.194890397,-0.514485863
909,0.699163822,-0.243222221,-0.495368584
910,0.694802869,-0.28977883,-0.476152537
911,0.688479307,-0.334548692,-0.456881262
912,0.680118734,-0.377544696,-0.437591317
913,0.669646748,-0.418779731,-0.418319258
914,0.656988947,-0.458266686,-0.399101642
915,0.642070931,-0.49601845,-0.379975027
916,0.624818297,-0.532047911,-0.360975969
917,0.605196541,-0.566388202,-0.342148946
918,0.583330752,-0.599153428,-0.323570113
919,0.559385918,-0.630477938,-0.305323547
920,0.533527023,-0.66049608,-0.287493323
921,0.505919056,-0.689342203,-0.270163519
922,0.476727002,-0.717150656,-0.253418209
923,0.446115849,-0.744055788,-0.237341471
924,0.414248467,-0.770172212,-0.222001908
925,0.38127927,-0.795535604,-0.207406244
926,0.347360555,-0.820161905,-0.19354573
927,0.312644618,-0.844067057,-0.180411617
928,0.277283759,-0.867267001,-0.167995158
929,0.241430273,-0.889777678,-0.156287602
930,0.205236459,-0.91161503,-0.145280202
931,0.168846261,-0.932785445,-0.134977285
932,0.13237022,-0.953257106,-0.125435478
933,0.095910522,-0.972988642,-0.116724486
934,0.059569353,-0.991938686,-0.108914012
935,0.023448901,-1.010065866,-0.10207376
936,-0.012348646,-1.027328813,-0.096273434
937,-0.047721104,-1.043686158,-0.091582737
938,-0.082575924,-1.05910767,-0.088051926
939,-0.116859124,-1.073607682,-0.085653469
940,-0.150526362,-1.087211665,-0.084340387
941,-0.183533296,-1.099945091,-0.0840657
942,-0.215835584,-1.111833431,-0.08478243
943,-0.247388884,-1.122902157,-0.086443598
944,-0.278148853,-1.133176741,-0.089002224
945,-0.308073791,-1.142654176,-0.092394101
946,-0.337132559,-1.151217538,-0.096486109
947,-0.365296659,-1.158721426,-0.1011279
948,-0.392537594,-1.165020437,-0.106169125
949,-0.418826867,-1.169969169,-0.111459436
950,-0.44413598,-1.173422221,-0.116848484
951,-0.468436435,-1.17523419,-0.122185921
952,-0.491707729,-1.175266365,-0.127332776
953,-0.513961333,-1.173406797,-0.132195587
954,-0.53521671,-1.169550225,-0.13669227
955,-0.555493326,-1.16359139,-0.140740739
956,-0.574810646,-1.155425033,-0.14425891
957,-0.593188133,-1.144945895,-0.1471647
958,-0.610645253,-1.132048716,-0.149376022
959,-0.627201791,-1.116662764,-0.150816205
960,-0.642878819,-1.098855416,-0.151430221
961,-0.657697731,-1.078728574,-0.151168455
962,-0.671679921,-1.056384143,-0.149981294
963,-0.684846781,-1.031924025,-0.147819122
964,-0.697219706,-1.005450125,-0.144632325
965,-0.708820088,-0.977064346,-0.140371287
966,-0.719672004,-0.946849026,-0.135003986
967,-0.729810253,-0.914808249,-0.128568774
968,-0.73927232,-0.880926534,-0.121121593
969,-0.748095688,-0.845188397,-0.112718387
970,-0.75631784,-0.807578359,-0.1034151
971,-0.763976259,-0.768080938,-0.093267676
972,-0.771108427,-0.726680651,-0.082332056
973,-0.777736394,-0.68336244,-0.070675668
974,-0.783820463,-0.63811293,-0.058411864
975,-0.789305504,-0.590919169,-0.04566548
976,-0.794136386,-0.541768204,-0.03256135
977,-0.79825798,-0.490647085,-0.01922431
978,-0.801615153,-0.437542858,-0.005779194
979,-0.804152776,-0.382442571,0.007649161
980,-0.805834891,-0.32534275,0.02095206
981,-0.806702236,-0.266277828,0.034085358
982,-0.80681472,-0.205291716,0.047021048
983,-0.806232254,-0.142428325,0.059731126
984,-0.805014748,-0.077731565,0.072187583
985,-0.803222113,-0.011245348,0.084362415
986,-0.800914258,0.056986415,0.096227616
987,-0.798161021,0.126903235,0.107766314
988,-0.795071949,0.198378306,0.119006182
989,-0.791766513,0.271268244,0.129986029
990,-0.788364187,0.345429666,0.140744663
991,-0.784984444,0.420719186,0.151320893
992,-0.781746757,0.49699342,0.161753525
993,-0.778770598,0.574108985,0.172081369
994,-0.776146901,0.651925571,0.182335189
995,-0.773852441,0.730315168,0.192513575
996,-0.771835454,0.809152844,0.202607073
997,-0.770044175,0.888313665,0.212606229
998,-0.768426839,0.967672695,0.222501588
999,-0.766931682,1.047105002,0.232283697
1000,-0.76550694,1.126485651,0.241943101
